Model,R2,RMSE,MAE,Phase
LinearRegression,0.8535441723047664,3.4305686390931984,2.4466917661239522,Validation
SVR,0.882462839215763,3.073267633979029,2.126797842730594,Validation
LinearRegression,0.8428596848019266,3.4116099786118887,2.435186403412196,Test
SVR,0.8861813549007328,2.9035029509693184,2.009938336643203,Test
