Feature,VIF
FertRate,6.465498119641418
UrbanPopGrowth%,5.989261881846101
PopGrowth%,5.670898560938542
MortRateU5,5.196509010914274
AdolFertRate,3.903552418592144
AgriValAdd%GDP,2.083652059114634
GDP,2.0445344359694024
FDINetBoP,1.9489918830632018
GNI/CapAtlas,1.8128229516209773
MobileSubs/100,1.7126738153964975
Exports%GDP,1.4675887737591196
PopDens,1.225968340440266
